PC1,PC2,sample_type,sample_id
1.195741866892817,-0.532093901089171,Control,NU1189
-0.9504247551349962,1.9518245943971877,Control,NU057
6.07884906301463,1.924874914049763,Control,BP927
1.9809028216211502,0.46571313132656833,Control,BP860
-1.8918872524734596,0.6057774012909753,Control,NU065
1.2017016341368745,-2.1656892549454163,Control,NU336
0.44292769560513534,-4.403277670387687,Control,BP093
-0.4220981938572095,-1.283016943380746,Control,BP210
-0.6953690572050775,-0.91618991336499,Control,BP1056
-1.4117839221382127,0.8914044875112026,Control,BP168
7.152167464189567,-1.3832395233969663,EOS,BP114
-1.3670473441027582,0.24376358638214057,Control,NU127
-2.171283326034988,0.41850470365027803,Control,BP325
-3.20492276667197,-0.8253624822825838,Control,BP1253
-1.428828611321478,-1.0497044445495138,Control,NU899
-1.8462153304219129,1.0164459374041304,Control,NU070
7.6240457400880715,-1.7348945537170994,EOS,BP638
1.1827193555980529,-2.545607540496219,Control,NU762
-0.4888733648504697,-0.7665407871719108,Control,BP424
10.626603484444793,-0.49668870550154764,EOS,BP179
-0.07132357342617723,-3.612753992619866,Control,BP227
-0.2482604644685793,-2.1298966603649774,Control,BP866
0.7192029317239061,-1.0448520137815738,Control,P263
-1.3952149803217253,-2.583975095723588,Control,BP661
0.16395776070478263,-2.8809282837958214,Control,NU800
-0.17979212201843353,-1.542790608167941,Control,NU091
11.565668780545828,-1.8193516652808999,EOS,P092
0.8728010722463821,-2.8447800807256396,Control,NU080
-1.579154244823215,0.7979396269887307,Control,NU657
-0.9268015154596725,-0.6754624048875915,Control,NU1156
-1.970768324385844,-0.809973940762367,Control,P224
5.925133472855769,0.09903571116375609,Control,NU160
-3.4841588493117612,-1.3505868777652008,Control,P041
-2.098021419006116,-0.35170485822837527,Control,BP824
-1.6002799234428977,-3.4302569789846187,Control,BP585
4.541057009533752,2.4734733541854013,Control,BP359
-1.2061826826323312,-5.114229816548579,Control,BP929
-0.4636023959061646,2.215246438416111,Control,BP105
-0.5543664457418416,2.108727371164317,Control,NU049
-3.4336718411028073,-1.810754839681156,Control,NU434
1.0912746499702735,-2.5362331868159362,Control,NU624
1.376062784607221,-0.7224935355590514,Control,BP535
0.31605267100601253,3.112944959564153,Control,BP948
-1.876413239246581,0.7678106333764791,Control,BP1031
5.694341777634456,1.5462148248504253,Control,BP080
-0.9668032498236698,1.5431993294077593,Control,BP1167
5.4641898302092855,-0.621532825446323,Control,BP401
1.0528503599090016,1.6079453740788807,Control,NU031
1.3867109604042795,1.7225349969025068,Control,NU367
-0.5470546373636864,2.138640789912424,Control,BP484
8.362047014967708,0.08738721977474029,Control,BP097
1.5018644205050506,0.7383660568658197,Control,BP255
8.922302995744218,1.185876351200987,EOS,BP1113
-1.1229786239608615,1.3329240590253448,Control,NU276
-2.791468417828284,-0.43938465491982903,Control,BP1153
-1.3690374114592316,1.4028783951150796,Control,BP249
-1.2353795838369024,-0.158126717894012,Control,BP1160
-2.6996736749820514,-0.34785811931102195,Control,BP670
0.002854149102198278,0.4209634391960755,Control,BP269
-0.7083376982269058,1.7649640093208756,Control,NU002
-0.7522319016290808,1.7018574444329868,Control,BP1123
-3.4495957962917174,-1.6292343798110043,Control,BP1271
-0.3109010922647286,2.233450798885263,Control,NU068
-2.4868865782837446,-0.14934885704459688,Control,BP167
1.2942634961296378,4.347743648601966,Control,P280
-0.978078804230023,1.5103332367127251,Control,NU267
-2.456636296204749,-0.10120988542633214,Control,BP534
-1.3930369178769837,-0.24808595251771415,Control,NU185
-1.9649129777163807,0.17183720477180486,Control,BP259
-0.17378012931556697,0.8984558659603845,Control,NU1179
-0.509400603588098,-0.13123562326603633,Control,NU076
-0.29528121122372397,-0.012903505840496265,Control,BP750
-0.6022564089316162,1.9061707606371527,Control,NU037
-0.49519826861477867,2.1573333915237374,Control,NU1269
-0.7718726166450338,1.5384483667639763,Control,BP565
-1.4422741578037446,1.2931457647742093,Control,NU086
-1.2691874985691456,-1.4534580590884616,Control,BP248
5.888927123289214,-1.9227796612146264,EOS,NU102
-2.3661988995664203,-0.051218460990680725,Control,BP254
1.0864771250089476,4.223744722091178,Control,BP1038
-2.524179221707314,-0.6538198711571059,Control,NU071
0.7212364351132763,3.623308269753064,Control,BP139
5.343874623562584,0.701377602145639,EOS,BP592
-1.7120765563895688,0.5579790419597668,Control,NU012
-3.421145683743937,-1.088726526071703,Control,NU645
-3.3813126967501006,-1.3043729562707878,Control,BP1281
4.362254232375022,2.6897199013483544,Control,NU1238
-1.0597368890944523,1.4319582099645842,Control,BP434
-1.6170287568880681,-0.13007623267955637,Control,BP1140
-2.949064862171035,-1.1656459928743175,Control,NU599
-1.8521831464227034,0.7753396468987521,Control,NU052
-2.393049229423447,-0.5914644331812049,Control,NU103
-2.84209484979435,-0.6944228638655083,Control,NU020
-2.9796742658929816,-0.6053769357301668,Control,NU101
12.060557257986034,-1.691448187455297,EOS,BP1067
0.7827072060723665,4.007751837687623,Control,BP928
-2.947396953853385,-0.7429305554945849,Control,NU1226
-2.723694510709379,-0.3294746447977346,Control,NU085
1.6729148881337395,3.639392556393936,Control,BP083
-2.758676269919043,-0.3482101843908758,Control,NU024
-3.2703217381597227,-1.151265145185631,Control,BP1178
-4.933094499506545,-2.798621475495038,Control,NU1242
-1.9674468527365576,0.6486283684330356,Control,NU1067
3.300214189511351,-5.882939795338319,EOS,NU1260
-2.6642625409951677,-0.6288787242314431,Control,BP1342
-1.5704453711481534,1.076786040925045,Control,BP996
-2.950157217867954,-0.8595190684271827,Control,NU279
9.361240267271057,-2.6321189940327745,EOS,BP1189
-4.223626685503902,-2.5597068921884674,Control,NU125
-1.6303108304924123,-0.07825260128645439,Control,BP116
1.5297499751764647,0.08180687742308557,Control,NU689
-4.1983522487264935,-2.230006997375554,Control,NU033
-2.869453821548383,-1.0861125462945953,Control,BP016
-3.0179397628501903,-1.0708679854724945,Control,NU082
-2.634545400016016,-1.2506902829278985,Control,BP1005
-3.467844477996209,-1.902677478873887,Control,BP127
-3.768572466294394,-1.9587635631053253,Control,NU475
-2.3090595561802374,-0.4634982890303121,Control,NU653
-0.40350421651282886,2.5635327892163975,Control,NU241
13.254327751786896,-0.46437461898940136,EOS,P259
-3.382192321451413,-0.7413534770138757,Control,BP099
-3.469702182583866,-2.0534099945436743,Control,NU1230
-2.4313613726429324,-0.3240861936031898,Control,BP784
-0.41667908940170406,2.294068455231839,Control,NU347
-0.9830734174208473,1.424383296927763,Control,NU021
-2.3433075336877423,0.20477744236288764,Control,NU027
-1.119796694977019,1.8461223289928306,Control,BP731
0.476823623691466,0.4449289590039367,Control,BP524
-0.019316287880464245,1.2113558118285805,Control,NU072
-2.5772418255048137,-0.4722273790962461,Control,BP143
1.9665330235829046,-0.8741373226639624,Control,NU058
-1.358207206841577,0.9246942949037429,Control,BP964
-0.5121375348926875,0.3831929614503711,Control,BP1003
-0.4685181898706716,2.324842677175168,Control,NU704
-0.5553778024970057,1.7070416282942649,Control,BP885
0.10349162271904788,-0.22383949116970925,Control,BP400
-0.8351161820724897,1.9968949619855927,Control,NU1215
11.616378998792278,-3.015791329724559,EOS,BP001
-0.9982559477866246,-2.1772050869793897,Control,NU191
-2.3314122816383644,-0.05198793940942892,Control,P227
9.842807374190976,-0.640449112541976,Control,BP953
-1.6549213218839398,0.8419046105733834,Control,P141
-1.576504989165052,0.9309204702318841,Control,BP900
1.230760731642782,1.5468354406780858,Control,NU011
-2.204840051776955,0.5121053534189919,Control,BP555
1.9552991020723098,0.021335265100775658,Control,NU307
-1.075760802568979,-0.3812379691340926,Control,NU163
-4.2104221804752555,-2.392776163721205,Control,NU1101
2.1435183626358807,1.231269859011407,Control,BP783
-3.117494633842412,-1.0422579542050645,Control,P225
-0.5132929785858096,2.1139860928193777,Control,NU647
-2.097527936234286,0.1503021776113478,Control,BP1111
1.2495980311911268,1.6366439627742277,Control,NU079
0.5475849244550588,2.847502077276989,Control,NU300
7.873483176636377,-0.6588293081007706,EOS,BP173
-4.280429763910199,-1.9349651277094484,Control,NU131
-1.7401316036783285,0.026064311437776766,Control,NU303
4.918570455012684,-2.7210168320038832,EOS,NU435
-1.0965665454064109,1.6237892559290916,Control,NU005
0.029606473511179843,3.2747139963656355,Control,NU299
-1.9511855611952242,0.8150059312542925,Control,BP313
-0.6685487071405234,2.2997577708992996,Control,BP437
0.1370063134891808,1.1628065898673405,Control,NU236
-0.03945462424812263,2.536811759358912,Control,NU223
